"ID","locHistory_Catchment","locHistory_LocationName","locHistory_SiteCode","locHistory_GridReference","locHistory_Date","locHistory_AssetID","locHistory_MovementType","locHistory_Date_End","locHistory_Sensor_Height","locHistory_Canopy_Height_At_Install","locHistory_Sensor_Depth","locHistory_Instrument_In_Use","locHistory_Notes","locHistory_DistFromInlet","locHistory_Datum","locHistory_DistFromDatum","locHistory_Sensor firmware","locHistory_Vertical offset","locHistory_North offset","locHistory_East offset","locHistory_Azimuth","locHistory_CPEC_Pump_Flow_Rate"
8,"Wallingford","Prototype Site",,,27/02/2025 00:00:00,112,,,,,,,,,,,,,,,,
9,"Wallingford","Office (moving to metsite soon)",,,27/02/2025 00:00:00,111,,,,,,,,,,,,,,,,
10,"Wallingford","Office - PiCamera","xx-UKCEH_Wallingford",,25/02/2025 00:00:00,108,,,,,,,,,,,,,,,,
12,,"Wallingford labs",,,13/03/2025 00:00:00,145,,,,,,,,,,,,,,,,
13,,"CSL Shepshed",,,21/03/2025 00:00:00,95,,,,,,,,,,,,,,,,
14,,"Wallingford_WP2",,,01/05/2025 00:00:00,159,,,,,,,,,,,,,,,,
16,,"3",,,05/05/2025 00:00:00,222,,,,,,,,,,,,,,,,
17,,"4",,,06/05/2025 00:00:00,222,,,,,,,,,,,,,,,,
25,,"Lancaster","Lancaster",,12/05/2025 15:00:00,226,"Deploy",14/05/2025 12:00:00,,,,,"Installation at Lancaster",,,,,,,,,
27,"Chess","Wallingford","Wallingford",,14/05/2025 12:00:00,226,"Relocate",,180.00,20.00,,"Yes",,,,,,,,,,
29,,,"Wallingford",,03/03/2025 00:00:00,228,,,,,,,,,,,,,,,,
30,"Severn",,"SE_SVTRP-01-WL",,21/05/2025 00:00:00,134,"Deploy",,,,422.70,"Yes","Sensor depth installed 422.7cm below datum reference point.
Datum point = 422.24cm above bottom of stilling well inlet pipe",0.46,422.00,,,,,,,
31,"Severn",,"SE-SVTRP-01-WL",,21/05/2025 00:00:00,230,"Deploy",,,,24.00,,"Sensor height installed 24cm below datum reference point.
Datum point = 422.24cm above bottom of stilling well inlet pipe",398.24,422.24,,,,,,,
32,,,"Wallingford",,,232,,,,,,,,,,,,,,,,
33,,,"Severn",,,71,"Deploy",,,,,,,,,,,,,,,
34,"Severn",,"SE-CARWE-01-WS",,26/06/2025 00:00:00,165,"Deploy",,,20.00,,"Yes",,,,,,,,,,
35,"Severn",,"SE-SVTRP-01-WL",,21/05/2025 00:00:00,143,"Deploy",,,,,"Yes",,,,,,,,,,
36,"Severn",,"Severn Trap",,21/05/2025 00:00:00,109,"Deploy",,,,,"Yes",,,,,,,,,,
37,"Severn",,"SE-SVTRP-01-WL",,21/05/2025 00:00:00,773,"Deploy",,,,,"Yes",,,,,,,,,,
38,"Severn",,"Severn TrapSE-SVTRP-01-WL",,21/05/2025 00:00:00,774,"Deploy",,,,,,,,,,,,,,,
39,"Severn",,"SE-HAFRF-07-TF",,21/05/2025 00:00:00,775,"Deploy",,,,,,,,,,,,,,,
40,,"Wallingford","Wallingford",,16/06/2025 00:00:00,776,,,,,,,,,,,,,,,,
41,,,"Wallingford",,16/06/2025 00:00:00,777,,,,,,,,,,,,,,,,
42,"Severn",,"SE-CARWE-01-WS",,26/06/2025 00:00:00,188,"Deploy",,230.00,20.00,,"Yes",,,,,,,,,,
43,"Severn",,"SE-CARWE-01-WS",,26/06/2025 00:00:00,791,"Deploy",,0.00,,,"Yes",,,,,,,,,,
44,"Severn",,"SE-CARWE-01-WS",,26/06/2025 00:00:00,792,"Deploy",,200.00,20.00,,"Yes",,,,,,,,,,
45,"Severn",,,,26/06/2025 00:00:00,197,"Deploy",,,20.00,,"Yes",,,,,,,,,,
46,"Severn",,,,26/06/2025 00:00:00,793,,,,20.00,,"Yes",,,,,,,,,,
47,,,"SE-CARWE-01",,25/06/2025 00:00:00,794,,,200.00,,,,,,,,,,,,,
48,"Severn",,"SE-CARWE-01-WS",,26/06/2025 00:00:00,724,"Deploy",,200.00,20.00,,"Yes",,,,,,,,,,
49,"Severn",,"SE-CARWE-01-WS",,26/06/2025 00:00:00,223,"Deploy",,100.00,20.00,,"Yes",,,,,,,,,,
50,"Severn",,"CARGN",,25/06/2025 00:00:00,795,"Deploy",,100.00,,,"Yes","CARGN",,,,,,,,,
51,"Severn",,"Carreg Wen",,27/06/2025 00:00:00,108,"Deploy",,100.00,20.00,,"Yes",,,,,,,,,,
52,"Severn",,,,26/06/2025 00:00:00,797,"Deploy",,,20.00,,"Yes",,,,,,,,,,
53,"Severn",,,,26/06/2025 00:00:00,798,"Deploy",,150.00,20.00,,"Yes",,,,,,,,,,
54,"Severn",,,,26/06/2025 00:00:00,799,"Deploy",,,20.00,,"Yes",,,,,,,,,,
55,"Severn",,"SE-CARWE-01-WS",,26/06/2025 00:00:00,800,"Deploy",,120.00,20.00,,"Yes",,,,,,,,,,
56,"Severn",,"SE-CARWE-01-WS",,26/06/2025 00:00:00,801,"Deploy",,120.00,20.00,,"Yes",,,,,,,,,,
57,,,"Wallingford",,06/08/2025 00:00:00,178,,,0.00,0.00,0.00,,,0.00,0.00,0.00,,,,,,
58,,,"Others",,11/08/2025 00:00:00,713,,,0.00,0.00,0.00,,"Taken by Alex McLellan for checking",0.00,0.00,0.00,,,,,,
59,,"Edinburgh","Edinburgh",,11/09/2025 00:00:00,116,"Loan",,0.00,0.00,0.00,,"Loaned to Andrew Black - Tweed CC",0.00,0.00,0.00,,,,,,
60,,,"Edinburgh",,11/09/2025 00:00:00,117,"Loan",,0.00,0.00,0.00,,"Loaned to Andrew Black - Tweed CC",0.00,0.00,0.00,,,,,,
61,,,"Edinburgh",,11/09/2025 00:00:00,118,"Loan",,0.00,0.00,0.00,,"Loaned to Andrew Black - Tweed CC",0.00,0.00,0.00,,,,,,
62,,,"Edinburgh",,11/09/2025 00:00:00,119,"Loan",,0.00,0.00,0.00,,"Loaned to Andrew Black - Tweed CC",0.00,0.00,0.00,,,,,,
63,,,"Edinburgh",,11/09/2025 00:00:00,120,"Loan",,0.00,0.00,0.00,,"Loaned to Andrew Black - Tweed CC",0.00,0.00,0.00,,,,,,
64,,,"Edinburgh",,11/09/2025 00:00:00,121,"Loan",,0.00,0.00,0.00,,"Loaned to Andrew Black - Tweed CC",0.00,0.00,0.00,,,,,,
65,,,"Edinburgh",,11/09/2025 00:00:00,122,"Loan",,0.00,0.00,0.00,,"Loaned to Andrew Black - Tweed CC",0.00,0.00,0.00,,,,,,
68,"Chess","Lowndes Park","Lowndes Park",,17/10/2025 00:00:00,66,"Loan",,0.00,0.00,0.00,"Yes",,0.00,0.00,0.00,,,,,,
69,,,"xx-UKCEH_Wallingford",,04/11/2024 00:00:00,66,,,0.00,0.00,0.00,,"Stored in Wallingford",0.00,0.00,0.00,,,,,,
70,,,"xx-UKCEH_Wallingford",,01/08/2025 00:00:00,1215,,,0.00,0.00,0.00,,,0.00,0.00,0.00,,,,,,
71,,,"Mill Farm, Chenies",,05/01/2026 00:00:00,688,,,0.00,0.00,0.00,,,0.00,0.00,0.00,,,,,,
72,,,"Mill Farm, Chenies",,05/01/2026 00:00:00,1472,,,0.00,0.00,0.00,,,0.00,0.00,0.00,,,,,,
73,,,,,08/12/2025 00:00:00,751,,,0.00,0.00,0.00,,,0.00,0.00,0.00,,,,,,
74,,,,,,110,,,0.00,0.00,0.00,,,0.00,0.00,0.00,,,,,,
75,"Wallingford","xx-UKCEH_Wallingford","xx-UKCEH_Wallingford",,10/02/2026 00:00:00,1543,"Test",,300.00,10.00,0.00,"Yes",,0.00,0.00,0.00,,"0",,,,
76,,,"xx-UKCEH_Wallingford",,09/02/2026 00:00:00,1544,,,0.00,0.00,0.00,,,0.00,0.00,0.00,,,,,,
77,,,"xx-UKCEH_Wallingford",,09/02/2026 00:00:00,1546,,,300.00,10.00,0.00,"Yes",,0.00,0.00,0.00,,"-15","8","12","225 degrees",
78,,,"xx-UKCEH_Wallingford",,09/02/2026 00:00:00,1547,,,0.00,0.00,0.00,,,0.00,0.00,0.00,,,,,,
79,,,"xx-UKCEH_Wallingford",,09/02/2026 00:00:00,741,,,0.00,0.00,0.00,,,0.00,0.00,0.00,,,,,,
80,,,"xx-UKCEH_Wallingford",,09/02/2026 00:00:00,1548,,,0.00,0.00,0.00,,,0.00,0.00,0.00,,,,,,
148,,"xx-UKCEH_Wallingford","xx-UKCEH_Wallingford",,24/02/2026 00:00:00,1582,"Deploy",,500.00,250.00,0.00,"Yes",,0.00,0.00,0.00,,"-1.5","-15","-3",,
149,,,"xx-UKCEH_Wallingford",,26/02/2026 00:00:00,108,"Swap",,0.00,0.00,0.00,,,0.00,0.00,0.00,,,,,,
150,,,"xx-UKCEH_Wallingford",,23/02/2026 00:00:00,1583,"Packed",25/02/2026 00:00:00,0.00,0.00,0.00,,,0.00,0.00,0.00,,,,,,
151,"Severn","Carreg Wen","Carreg Wen",,25/02/2026 00:00:00,1583,"Deploy",,0.00,0.00,0.00,"Yes",,0.00,0.00,0.00,,,,,,
81,,,"xx-UKCEH_Wallingford",,09/02/2026 00:00:00,649,,,0.00,0.00,0.00,,,0.00,0.00,0.00,,,,,,
82,,,"xx-UKCEH_Wallingford",,09/02/2026 00:00:00,1549,,,0.00,0.00,0.00,,,0.00,0.00,0.00,,,,,,
83,,,"xx-UKCEH_Wallingford",,09/02/2026 00:00:00,632,,,0.00,0.00,0.00,,,0.00,0.00,0.00,,,,,,
84,,,"xx-UKCEH_Wallingford",,09/02/2026 00:00:00,1482,,,0.00,0.00,0.00,,,0.00,0.00,0.00,,,,,,
85,,,"xx-UKCEH_Wallingford",,09/02/2026 00:00:00,644,,,0.00,0.00,0.00,,,0.00,0.00,0.00,,,,,,
86,,,"xx-UKCEH_Wallingford",,09/02/2026 00:00:00,627,,,0.00,0.00,0.00,,,0.00,0.00,0.00,,,,,,
87,,,"xx-UKCEH_Wallingford",,09/02/2026 00:00:00,592,,,0.00,0.00,0.00,,,0.00,0.00,0.00,,,,,,
88,,,"xx-UKCEH_Wallingford",,09/02/2026 00:00:00,1483,,,0.00,0.00,0.00,,,0.00,0.00,0.00,,,,,,
89,,,"xx-UKCEH_Wallingford",,09/02/2026 00:00:00,1484,,,0.00,0.00,0.00,,,0.00,0.00,0.00,,,,,,
90,,,"xx-UKCEH_Wallingford",,09/02/2026 00:00:00,1486,,,0.00,0.00,0.00,,,0.00,0.00,0.00,,,,,,
91,,,"xx-UKCEH_Wallingford",,09/02/2026 00:00:00,1487,,,0.00,0.00,0.00,,,0.00,0.00,0.00,,,,,,
92,,,"xx-UKCEH_Wallingford",,09/02/2026 00:00:00,1488,,,0.00,0.00,0.00,,,0.00,0.00,0.00,,,,,,
93,,,"xx-UKCEH_Wallingford",,09/02/2026 00:00:00,727,,,0.00,0.00,0.00,,,0.00,0.00,0.00,,,,,,
94,,,"xx-UKCEH_Wallingford",,09/02/2026 00:00:00,732,,,0.00,0.00,0.00,,,0.00,0.00,0.00,,,,,,
95,,"xx-UKCEH_Wallingford","xx-UKCEH_Wallingford",,09/02/2026 00:00:00,723,,,200.00,10.00,0.00,"Yes",,0.00,0.00,0.00,,,,,,
96,,,"xx-UKCEH_Wallingford",,09/02/2026 00:00:00,681,,,0.00,0.00,0.00,,,0.00,0.00,0.00,,,,,,
97,,,"xx-UKCEH_Wallingford",,09/02/2026 00:00:00,682,,,0.00,0.00,0.00,,,0.00,0.00,0.00,,,,,,
98,,,"xx-UKCEH_Wallingford",,09/02/2026 00:00:00,678,,,0.00,0.00,0.00,,,0.00,0.00,0.00,,,,,,
99,,,"xx-UKCEH_Wallingford",,09/02/2026 00:00:00,674,,,0.00,0.00,0.00,,,0.00,0.00,0.00,,,,,,
100,,,"xx-UKCEH_Wallingford",,09/02/2026 00:00:00,683,,,0.00,0.00,0.00,,,0.00,0.00,0.00,,,,,,
101,,,"xx-UKCEH_Wallingford",,09/02/2026 00:00:00,665,,,0.00,0.00,0.00,,,0.00,0.00,0.00,,,,,,
102,,,"xx-UKCEH_Wallingford",,09/02/2026 00:00:00,757,,,0.00,0.00,0.00,,,0.00,0.00,0.00,,,,,,
103,,,"xx-UKCEH_Wallingford",,09/02/2026 00:00:00,758,,,0.00,0.00,0.00,,,0.00,0.00,0.00,,,,,,
104,,,"xx-UKCEH_Wallingford",,09/02/2026 00:00:00,759,,,0.00,0.00,0.00,,,0.00,0.00,0.00,,,,,,
105,,,"xx-UKCEH_Wallingford",,09/02/2026 00:00:00,760,,,0.00,0.00,0.00,,,0.00,0.00,0.00,,,,,,
106,,,"xx-UKCEH_Wallingford",,09/02/2026 00:00:00,1550,,,0.00,0.00,0.00,,,0.00,0.00,0.00,,,,,,
107,,,"xx-UKCEH_Wallingford",,09/02/2026 00:00:00,1551,,,0.00,0.00,0.00,,,0.00,0.00,0.00,,,,,,
108,,,"xx-UKCEH_Wallingford",,09/02/2026 00:00:00,746,,,0.00,0.00,0.00,,,0.00,0.00,0.00,,,,,,
109,,,"xx-UKCEH_Wallingford",,09/02/2026 00:00:00,707,,,0.00,0.00,0.00,,,0.00,0.00,0.00,,,,,,
110,,,"xx-UKCEH_Wallingford",,09/02/2026 00:00:00,1530,,,0.00,0.00,0.00,,,0.00,0.00,0.00,,,,,,
111,,,"xx-UKCEH_Wallingford",,09/02/2026 00:00:00,1552,,,0.00,0.00,0.00,,,0.00,0.00,0.00,,,,,,
112,,,"xx-UKCEH_Wallingford",,16/02/2026 00:00:00,1557,,,300.00,10.00,0.00,,,0.00,0.00,0.00,,,,,,
113,,,"xx-UKCEH_Wallingford",,16/02/2026 00:00:00,1558,,,300.00,10.00,0.00,,,0.00,0.00,0.00,,,,,,
114,,,"xx-UKCEH_Wallingford",,16/02/2026 00:00:00,1559,,,300.00,10.00,0.00,"Yes",,0.00,0.00,0.00,,"-15","8","12","225 dgrees",
115,,,"xx-UKCEH_Wallingford",,16/02/2026 00:00:00,1560,,,0.00,,0.00,,,0.00,0.00,0.00,,,,,,
116,,,"xx-UKCEH_Wallingford",,16/02/2026 00:00:00,1561,,,0.00,0.00,0.00,,,0.00,0.00,0.00,,,,,,
117,,,"xx-UKCEH_Wallingford",,16/02/2026 00:00:00,1562,,,0.00,0.00,0.00,,,0.00,0.00,0.00,,,,,,
118,,,"xx-UKCEH_Wallingford",,16/02/2026 00:00:00,1563,,,0.00,0.00,0.00,,,0.00,0.00,0.00,,,,,,
119,,,"xx-UKCEH_Wallingford",,16/02/2026 00:00:00,1564,,,0.00,0.00,0.00,,,0.00,0.00,0.00,,,,,,
120,,,"xx-UKCEH_Wallingford",,16/02/2026 00:00:00,1565,,,0.00,0.00,0.00,,,0.00,0.00,0.00,,,,,,
121,,,"xx-UKCEH_Wallingford",,16/02/2026 00:00:00,642,,,0.00,0.00,0.00,,,0.00,0.00,0.00,,,,,,
122,,,"xx-UKCEH_Wallingford",,16/02/2026 00:00:00,1566,,,0.00,0.00,0.00,,,0.00,0.00,0.00,,,,,,
123,,,"xx-UKCEH_Wallingford",,16/02/2026 00:00:00,1567,,,0.00,0.00,0.00,,,0.00,0.00,0.00,,,,,,
124,,,"xx-UKCEH_Wallingford",,16/02/2026 00:00:00,686,,,0.00,0.00,0.00,,,0.00,0.00,0.00,,,,,,
125,,,"xx-UKCEH_Wallingford",,16/02/2026 00:00:00,742,,,0.00,0.00,0.00,,,0.00,0.00,0.00,,,,,,
126,,,"xx-UKCEH_Wallingford",,16/02/2026 00:00:00,765,,,0.00,0.00,0.00,,,0.00,0.00,0.00,,,,,,
127,,,"xx-UKCEH_Wallingford",,16/02/2026 00:00:00,710,,,0.00,0.00,0.00,,,0.00,0.00,0.00,,,,,,
128,,,"xx-UKCEH_Wallingford",,16/02/2026 00:00:00,650,,,0.00,0.00,0.00,,,0.00,0.00,0.00,,,,,,
129,,,"xx-UKCEH_Wallingford",,16/02/2026 00:00:00,728,,,0.00,0.00,0.00,,,0.00,0.00,0.00,,,,,,
130,,,"xx-UKCEH_Wallingford",,16/02/2026 00:00:00,730,,,0.00,0.00,0.00,,,0.00,0.00,0.00,,,,,,
131,,,"xx-UKCEH_Wallingford",,16/02/2026 00:00:00,721,,,0.00,0.00,0.00,,,0.00,0.00,0.00,,,,,,
132,,,"xx-UKCEH_Wallingford",,16/02/2026 00:00:00,654,,,0.00,0.00,0.00,,,0.00,0.00,0.00,,,,,,
133,,,"xx-UKCEH_Wallingford",,16/02/2026 00:00:00,663,,,0.00,0.00,0.00,,,0.00,0.00,0.00,,,,,,
134,,,"xx-UKCEH_Wallingford",,16/02/2026 00:00:00,657,,,0.00,0.00,0.00,,,0.00,0.00,0.00,,,,,,
135,,,"xx-UKCEH_Wallingford",,16/02/2026 00:00:00,662,,,0.00,0.00,0.00,,,0.00,0.00,0.00,,,,,,
136,,,"xx-UKCEH_Wallingford",,16/02/2026 00:00:00,659,,,0.00,0.00,0.00,,,0.00,0.00,0.00,,,,,,
137,,,"xx-UKCEH_Bangor",,16/02/2026 00:00:00,658,,,0.00,0.00,0.00,,,0.00,0.00,0.00,,,,,,
138,,,"xx-UKCEH_Wallingford",,16/02/2026 00:00:00,1568,,,0.00,0.00,0.00,,,0.00,0.00,0.00,,,,,,
139,,,"xx-UKCEH_Wallingford",,16/02/2026 00:00:00,1569,,,0.00,0.00,0.00,,,0.00,0.00,0.00,,,,,,
140,,,"xx-UKCEH_Wallingford",,16/02/2026 00:00:00,1570,,,0.00,0.00,0.00,,,0.00,0.00,0.00,,,,,,
141,,,"xx-UKCEH_Wallingford",,16/02/2026 00:00:00,1571,,,0.00,0.00,0.00,,,0.00,0.00,0.00,,,,,,
142,,,"xx-UKCEH_Wallingford",,16/02/2026 00:00:00,1572,,,0.00,0.00,0.00,,,0.00,0.00,0.00,,,,,,
143,,,"xx-UKCEH_Wallingford",,16/02/2026 00:00:00,1573,,,0.00,0.00,0.00,,,0.00,0.00,0.00,,,,,,
144,,,"xx-UKCEH_Wallingford",,16/02/2026 00:00:00,749,,,0.00,0.00,0.00,,,0.00,0.00,0.00,,,,,,
145,,,"xx-UKCEH_Wallingford",,16/02/2026 00:00:00,1574,,,0.00,0.00,0.00,,,0.00,0.00,0.00,,,,,,
146,,,"xx-UKCEH_Wallingford",,16/02/2026 00:00:00,1575,,,0.00,0.00,0.00,,,0.00,0.00,0.00,,,,,,
147,,,"xx-UKCEH_Wallingford",,16/02/2026 00:00:00,1576,,,0.00,0.00,0.00,,,0.00,0.00,0.00,,,,,,
