FLAG_DEF,FLAG_TYPE,FLAG_SCHEME
ALBEDO_FLAG_DEF,CORE_FLAG,core_flag_scheme
ALBEDO_FLAG_DEF,CORRS_FLAG,cosmos_correction_flag_scheme
ALBEDO_FLAG_DEF,QC_FLAG,cosmos_quality_control_flag_scheme
ALBEDO_FLAG_DEF,INFILL_FLAG,cosmos_infill_flag_scheme
ALBEDO_STD_FLAG_DEF,CORE_FLAG,core_flag_scheme
ALBEDO_STD_FLAG_DEF,CORRS_FLAG,cosmos_correction_flag_scheme
ALBEDO_STD_FLAG_DEF,QC_FLAG,cosmos_quality_control_flag_scheme
ALBEDO_STD_FLAG_DEF,INFILL_FLAG,cosmos_infill_flag_scheme
COSMOS_VWC_FLAG_DEF,CORE_FLAG,core_flag_scheme
COSMOS_VWC_FLAG_DEF,CORRS_FLAG,cosmos_correction_flag_scheme
COSMOS_VWC_FLAG_DEF,QC_FLAG,cosmos_quality_control_flag_scheme
COSMOS_VWC_FLAG_DEF,INFILL_FLAG,cosmos_infill_flag_scheme
COSMOS_VWC_NO_SNOW_FLAG_DEF,CORE_FLAG,core_flag_scheme
COSMOS_VWC_NO_SNOW_FLAG_DEF,CORRS_FLAG,cosmos_correction_flag_scheme
COSMOS_VWC_NO_SNOW_FLAG_DEF,QC_FLAG,cosmos_quality_control_flag_scheme
COSMOS_VWC_NO_SNOW_FLAG_DEF,INFILL_FLAG,cosmos_infill_flag_scheme
COSMOSFACTOR_INTEN_FLAG_DEF,CORE_FLAG,core_flag_scheme
COSMOSFACTOR_INTEN_FLAG_DEF,CORRS_FLAG,cosmos_correction_flag_scheme
COSMOSFACTOR_INTEN_FLAG_DEF,QC_FLAG,cosmos_quality_control_flag_scheme
COSMOSFACTOR_INTEN_FLAG_DEF,INFILL_FLAG,cosmos_infill_flag_scheme
COSMOSFACTOR_PA_FLAG_DEF,CORE_FLAG,core_flag_scheme
COSMOSFACTOR_PA_FLAG_DEF,CORRS_FLAG,cosmos_correction_flag_scheme
COSMOSFACTOR_PA_FLAG_DEF,QC_FLAG,cosmos_quality_control_flag_scheme
COSMOSFACTOR_PA_FLAG_DEF,INFILL_FLAG,cosmos_infill_flag_scheme
COSMOSFACTOR_Q_FLAG_DEF,CORE_FLAG,core_flag_scheme
COSMOSFACTOR_Q_FLAG_DEF,CORRS_FLAG,cosmos_correction_flag_scheme
COSMOSFACTOR_Q_FLAG_DEF,QC_FLAG,cosmos_quality_control_flag_scheme
COSMOSFACTOR_Q_FLAG_DEF,INFILL_FLAG,cosmos_infill_flag_scheme
COV_TS_UX_FLAG_DEF,CORE_FLAG,core_flag_scheme
COV_TS_UX_FLAG_DEF,CORRS_FLAG,cosmos_correction_flag_scheme
COV_TS_UX_FLAG_DEF,QC_FLAG,cosmos_quality_control_flag_scheme
COV_TS_UX_FLAG_DEF,INFILL_FLAG,cosmos_infill_flag_scheme
COV_TS_UY_FLAG_DEF,CORE_FLAG,core_flag_scheme
COV_TS_UY_FLAG_DEF,CORRS_FLAG,cosmos_correction_flag_scheme
COV_TS_UY_FLAG_DEF,QC_FLAG,cosmos_quality_control_flag_scheme
COV_TS_UY_FLAG_DEF,INFILL_FLAG,cosmos_infill_flag_scheme
COV_TS_UZ_FLAG_DEF,CORE_FLAG,core_flag_scheme
COV_TS_UZ_FLAG_DEF,CORRS_FLAG,cosmos_correction_flag_scheme
COV_TS_UZ_FLAG_DEF,QC_FLAG,cosmos_quality_control_flag_scheme
COV_TS_UZ_FLAG_DEF,INFILL_FLAG,cosmos_infill_flag_scheme
COV_UX_UY_FLAG_DEF,CORE_FLAG,core_flag_scheme
COV_UX_UY_FLAG_DEF,CORRS_FLAG,cosmos_correction_flag_scheme
COV_UX_UY_FLAG_DEF,QC_FLAG,cosmos_quality_control_flag_scheme
COV_UX_UY_FLAG_DEF,INFILL_FLAG,cosmos_infill_flag_scheme
COV_UX_UZ_FLAG_DEF,CORE_FLAG,core_flag_scheme
COV_UX_UZ_FLAG_DEF,CORRS_FLAG,cosmos_correction_flag_scheme
COV_UX_UZ_FLAG_DEF,QC_FLAG,cosmos_quality_control_flag_scheme
COV_UX_UZ_FLAG_DEF,INFILL_FLAG,cosmos_infill_flag_scheme
COV_UY_UZ_FLAG_DEF,CORE_FLAG,core_flag_scheme
COV_UY_UZ_FLAG_DEF,CORRS_FLAG,cosmos_correction_flag_scheme
COV_UY_UZ_FLAG_DEF,QC_FLAG,cosmos_quality_control_flag_scheme
COV_UY_UZ_FLAG_DEF,INFILL_FLAG,cosmos_infill_flag_scheme
CTS_BARE_FLAG_DEF,CORE_FLAG,core_flag_scheme
CTS_BARE_FLAG_DEF,CORRS_FLAG,cosmos_correction_flag_scheme
CTS_BARE_FLAG_DEF,QC_FLAG,cosmos_quality_control_flag_scheme
CTS_BARE_FLAG_DEF,INFILL_FLAG,cosmos_infill_flag_scheme
CTS_EST_CRNS_FLAG_DEF,CORE_FLAG,core_flag_scheme
CTS_EST_CRNS_FLAG_DEF,CORRS_FLAG,cosmos_correction_flag_scheme
CTS_EST_CRNS_FLAG_DEF,QC_FLAG,cosmos_quality_control_flag_scheme
CTS_EST_CRNS_FLAG_DEF,INFILL_FLAG,cosmos_infill_flag_scheme
CTS_EST_SNOWFOX_FLAG_DEF,CORE_FLAG,core_flag_scheme
CTS_EST_SNOWFOX_FLAG_DEF,CORRS_FLAG,cosmos_correction_flag_scheme
CTS_EST_SNOWFOX_FLAG_DEF,QC_FLAG,cosmos_quality_control_flag_scheme
CTS_EST_SNOWFOX_FLAG_DEF,INFILL_FLAG,cosmos_infill_flag_scheme
CTS_MOD_FLAG_DEF,CORE_FLAG,core_flag_scheme
CTS_MOD_FLAG_DEF,CORRS_FLAG,cosmos_correction_flag_scheme
CTS_MOD_FLAG_DEF,QC_FLAG,cosmos_quality_control_flag_scheme
CTS_MOD_FLAG_DEF,INFILL_FLAG,cosmos_infill_flag_scheme
CTS_MOD_CORR_FLAG_DEF,CORE_FLAG,core_flag_scheme
CTS_MOD_CORR_FLAG_DEF,CORRS_FLAG,cosmos_correction_flag_scheme
CTS_MOD_CORR_FLAG_DEF,QC_FLAG,cosmos_quality_control_flag_scheme
CTS_MOD_CORR_FLAG_DEF,INFILL_FLAG,cosmos_infill_flag_scheme
CTS_MOD_PERIOD_FLAG_DEF,CORE_FLAG,core_flag_scheme
CTS_MOD_PERIOD_FLAG_DEF,CORRS_FLAG,cosmos_correction_flag_scheme
CTS_MOD_PERIOD_FLAG_DEF,QC_FLAG,cosmos_quality_control_flag_scheme
CTS_MOD_PERIOD_FLAG_DEF,INFILL_FLAG,cosmos_infill_flag_scheme
CTS_MOD_RH_FLAG_DEF,CORE_FLAG,core_flag_scheme
CTS_MOD_RH_FLAG_DEF,CORRS_FLAG,cosmos_correction_flag_scheme
CTS_MOD_RH_FLAG_DEF,QC_FLAG,cosmos_quality_control_flag_scheme
CTS_MOD_RH_FLAG_DEF,INFILL_FLAG,cosmos_infill_flag_scheme
CTS_MOD_TEMP_FLAG_DEF,CORE_FLAG,core_flag_scheme
CTS_MOD_TEMP_FLAG_DEF,CORRS_FLAG,cosmos_correction_flag_scheme
CTS_MOD_TEMP_FLAG_DEF,QC_FLAG,cosmos_quality_control_flag_scheme
CTS_MOD_TEMP_FLAG_DEF,INFILL_FLAG,cosmos_infill_flag_scheme
CTS_MOD2_FLAG_DEF,CORE_FLAG,core_flag_scheme
CTS_MOD2_FLAG_DEF,CORRS_FLAG,cosmos_correction_flag_scheme
CTS_MOD2_FLAG_DEF,QC_FLAG,cosmos_quality_control_flag_scheme
CTS_MOD2_FLAG_DEF,INFILL_FLAG,cosmos_infill_flag_scheme
CTS_MOD2_PERIOD_FLAG_DEF,CORE_FLAG,core_flag_scheme
CTS_MOD2_PERIOD_FLAG_DEF,CORRS_FLAG,cosmos_correction_flag_scheme
CTS_MOD2_PERIOD_FLAG_DEF,QC_FLAG,cosmos_quality_control_flag_scheme
CTS_MOD2_PERIOD_FLAG_DEF,INFILL_FLAG,cosmos_infill_flag_scheme
CTS_MOD2_RH_FLAG_DEF,CORE_FLAG,core_flag_scheme
CTS_MOD2_RH_FLAG_DEF,CORRS_FLAG,cosmos_correction_flag_scheme
CTS_MOD2_RH_FLAG_DEF,QC_FLAG,cosmos_quality_control_flag_scheme
CTS_MOD2_RH_FLAG_DEF,INFILL_FLAG,cosmos_infill_flag_scheme
CTS_MOD2_TEMP_FLAG_DEF,CORE_FLAG,core_flag_scheme
CTS_MOD2_TEMP_FLAG_DEF,CORRS_FLAG,cosmos_correction_flag_scheme
CTS_MOD2_TEMP_FLAG_DEF,QC_FLAG,cosmos_quality_control_flag_scheme
CTS_MOD2_TEMP_FLAG_DEF,INFILL_FLAG,cosmos_infill_flag_scheme
CTS_SNOW_FLAG_DEF,CORE_FLAG,core_flag_scheme
CTS_SNOW_FLAG_DEF,CORRS_FLAG,cosmos_correction_flag_scheme
CTS_SNOW_FLAG_DEF,QC_FLAG,cosmos_quality_control_flag_scheme
CTS_SNOW_FLAG_DEF,INFILL_FLAG,cosmos_infill_flag_scheme
CTS_SNOW_PERIOD_FLAG_DEF,CORE_FLAG,core_flag_scheme
CTS_SNOW_PERIOD_FLAG_DEF,CORRS_FLAG,cosmos_correction_flag_scheme
CTS_SNOW_PERIOD_FLAG_DEF,QC_FLAG,cosmos_quality_control_flag_scheme
CTS_SNOW_PERIOD_FLAG_DEF,INFILL_FLAG,cosmos_infill_flag_scheme
CTS_SNOW_RH_FLAG_DEF,CORE_FLAG,core_flag_scheme
CTS_SNOW_RH_FLAG_DEF,CORRS_FLAG,cosmos_correction_flag_scheme
CTS_SNOW_RH_FLAG_DEF,QC_FLAG,cosmos_quality_control_flag_scheme
CTS_SNOW_RH_FLAG_DEF,INFILL_FLAG,cosmos_infill_flag_scheme
CTS_SNOW_TEMP_FLAG_DEF,CORE_FLAG,core_flag_scheme
CTS_SNOW_TEMP_FLAG_DEF,CORRS_FLAG,cosmos_correction_flag_scheme
CTS_SNOW_TEMP_FLAG_DEF,QC_FLAG,cosmos_quality_control_flag_scheme
CTS_SNOW_TEMP_FLAG_DEF,INFILL_FLAG,cosmos_infill_flag_scheme
CTS_SNOWFOX_FLAG_DEF,CORE_FLAG,core_flag_scheme
CTS_SNOWFOX_FLAG_DEF,CORRS_FLAG,cosmos_correction_flag_scheme
CTS_SNOWFOX_FLAG_DEF,QC_FLAG,cosmos_quality_control_flag_scheme
CTS_SNOWFOX_FLAG_DEF,INFILL_FLAG,cosmos_infill_flag_scheme
CTS_SNOWFOX_CORR_FLAG_DEF,CORE_FLAG,core_flag_scheme
CTS_SNOWFOX_CORR_FLAG_DEF,CORRS_FLAG,cosmos_correction_flag_scheme
CTS_SNOWFOX_CORR_FLAG_DEF,QC_FLAG,cosmos_quality_control_flag_scheme
CTS_SNOWFOX_CORR_FLAG_DEF,INFILL_FLAG,cosmos_infill_flag_scheme
D86_150M_FLAG_DEF,CORE_FLAG,core_flag_scheme
D86_150M_FLAG_DEF,CORRS_FLAG,cosmos_correction_flag_scheme
D86_150M_FLAG_DEF,QC_FLAG,cosmos_quality_control_flag_scheme
D86_150M_FLAG_DEF,INFILL_FLAG,cosmos_infill_flag_scheme
D86_1M_FLAG_DEF,CORE_FLAG,core_flag_scheme
D86_1M_FLAG_DEF,CORRS_FLAG,cosmos_correction_flag_scheme
D86_1M_FLAG_DEF,QC_FLAG,cosmos_quality_control_flag_scheme
D86_1M_FLAG_DEF,INFILL_FLAG,cosmos_infill_flag_scheme
D86_200M_FLAG_DEF,CORE_FLAG,core_flag_scheme
D86_200M_FLAG_DEF,CORRS_FLAG,cosmos_correction_flag_scheme
D86_200M_FLAG_DEF,QC_FLAG,cosmos_quality_control_flag_scheme
D86_200M_FLAG_DEF,INFILL_FLAG,cosmos_infill_flag_scheme
D86_25M_FLAG_DEF,CORE_FLAG,core_flag_scheme
D86_25M_FLAG_DEF,CORRS_FLAG,cosmos_correction_flag_scheme
D86_25M_FLAG_DEF,QC_FLAG,cosmos_quality_control_flag_scheme
D86_25M_FLAG_DEF,INFILL_FLAG,cosmos_infill_flag_scheme
D86_5M_FLAG_DEF,CORE_FLAG,core_flag_scheme
D86_5M_FLAG_DEF,CORRS_FLAG,cosmos_correction_flag_scheme
D86_5M_FLAG_DEF,QC_FLAG,cosmos_quality_control_flag_scheme
D86_5M_FLAG_DEF,INFILL_FLAG,cosmos_infill_flag_scheme
D86_75M_FLAG_DEF,CORE_FLAG,core_flag_scheme
D86_75M_FLAG_DEF,CORRS_FLAG,cosmos_correction_flag_scheme
D86_75M_FLAG_DEF,QC_FLAG,cosmos_quality_control_flag_scheme
D86_75M_FLAG_DEF,INFILL_FLAG,cosmos_infill_flag_scheme
E_SAT_MEAN_FLAG_DEF,CORE_FLAG,core_flag_scheme
E_SAT_MEAN_FLAG_DEF,CORRS_FLAG,cosmos_correction_flag_scheme
E_SAT_MEAN_FLAG_DEF,QC_FLAG,cosmos_quality_control_flag_scheme
E_SAT_MEAN_FLAG_DEF,INFILL_FLAG,cosmos_infill_flag_scheme
EFF_DEPTH_FLAG_DEF,CORE_FLAG,core_flag_scheme
EFF_DEPTH_FLAG_DEF,CORRS_FLAG,cosmos_correction_flag_scheme
EFF_DEPTH_FLAG_DEF,QC_FLAG,cosmos_quality_control_flag_scheme
EFF_DEPTH_FLAG_DEF,INFILL_FLAG,cosmos_infill_flag_scheme
G_FLAG_DEF,CORE_FLAG,core_flag_scheme
G_FLAG_DEF,CORRS_FLAG,cosmos_correction_flag_scheme
G_FLAG_DEF,QC_FLAG,cosmos_quality_control_flag_scheme
G_FLAG_DEF,INFILL_FLAG,cosmos_infill_flag_scheme
G1_FLAG_DEF,CORE_FLAG,core_flag_scheme
G1_FLAG_DEF,CORRS_FLAG,cosmos_correction_flag_scheme
G1_FLAG_DEF,QC_FLAG,cosmos_quality_control_flag_scheme
G1_FLAG_DEF,INFILL_FLAG,cosmos_infill_flag_scheme
G2_FLAG_DEF,CORE_FLAG,core_flag_scheme
G2_FLAG_DEF,CORRS_FLAG,cosmos_correction_flag_scheme
G2_FLAG_DEF,QC_FLAG,cosmos_quality_control_flag_scheme
G2_FLAG_DEF,INFILL_FLAG,cosmos_infill_flag_scheme
HS_FLAG_DEF,CORE_FLAG,core_flag_scheme
HS_FLAG_DEF,CORRS_FLAG,cosmos_correction_flag_scheme
HS_FLAG_DEF,QC_FLAG,cosmos_quality_control_flag_scheme
HS_FLAG_DEF,INFILL_FLAG,cosmos_infill_flag_scheme
LWIN_FLAG_DEF,CORE_FLAG,core_flag_scheme
LWIN_FLAG_DEF,CORRS_FLAG,cosmos_correction_flag_scheme
LWIN_FLAG_DEF,QC_FLAG,cosmos_quality_control_flag_scheme
LWIN_FLAG_DEF,INFILL_FLAG,cosmos_infill_flag_scheme
LWIN_MULT_FLAG_DEF,CORE_FLAG,core_flag_scheme
LWIN_MULT_FLAG_DEF,CORRS_FLAG,cosmos_correction_flag_scheme
LWIN_MULT_FLAG_DEF,QC_FLAG,cosmos_quality_control_flag_scheme
LWIN_MULT_FLAG_DEF,INFILL_FLAG,cosmos_infill_flag_scheme
LWOUT_FLAG_DEF,CORE_FLAG,core_flag_scheme
LWOUT_FLAG_DEF,CORRS_FLAG,cosmos_correction_flag_scheme
LWOUT_FLAG_DEF,QC_FLAG,cosmos_quality_control_flag_scheme
LWOUT_FLAG_DEF,INFILL_FLAG,cosmos_infill_flag_scheme
LWOUT_MULT_FLAG_DEF,CORE_FLAG,core_flag_scheme
LWOUT_MULT_FLAG_DEF,CORRS_FLAG,cosmos_correction_flag_scheme
LWOUT_MULT_FLAG_DEF,QC_FLAG,cosmos_quality_control_flag_scheme
LWOUT_MULT_FLAG_DEF,INFILL_FLAG,cosmos_infill_flag_scheme
MSLP_FLAG_DEF,CORE_FLAG,core_flag_scheme
MSLP_FLAG_DEF,CORRS_FLAG,cosmos_correction_flag_scheme
MSLP_FLAG_DEF,QC_FLAG,cosmos_quality_control_flag_scheme
MSLP_FLAG_DEF,INFILL_FLAG,cosmos_infill_flag_scheme
PA_FLAG_DEF,CORE_FLAG,core_flag_scheme
PA_FLAG_DEF,CORRS_FLAG,cosmos_correction_flag_scheme
PA_FLAG_DEF,QC_FLAG,cosmos_quality_control_flag_scheme
PA_FLAG_DEF,INFILL_FLAG,cosmos_infill_flag_scheme
PE_FLAG_DEF,CORE_FLAG,core_flag_scheme
PE_FLAG_DEF,CORRS_FLAG,cosmos_correction_flag_scheme
PE_FLAG_DEF,QC_FLAG,cosmos_quality_control_flag_scheme
PE_FLAG_DEF,INFILL_FLAG,cosmos_infill_flag_scheme
PRECIP_FLAG_DEF,CORE_FLAG,core_flag_scheme
PRECIP_FLAG_DEF,CORRS_FLAG,cosmos_correction_flag_scheme
PRECIP_FLAG_DEF,QC_FLAG,cosmos_quality_control_flag_scheme
PRECIP_FLAG_DEF,INFILL_FLAG,cosmos_infill_flag_scheme
PRECIP_RAINE_FLAG_DEF,CORE_FLAG,core_flag_scheme
PRECIP_RAINE_FLAG_DEF,CORRS_FLAG,cosmos_correction_flag_scheme
PRECIP_RAINE_FLAG_DEF,QC_FLAG,cosmos_quality_control_flag_scheme
PRECIP_RAINE_FLAG_DEF,INFILL_FLAG,cosmos_infill_flag_scheme
PRECIP_TIPPING_FLAG_DEF,CORE_FLAG,core_flag_scheme
PRECIP_TIPPING_FLAG_DEF,CORRS_FLAG,cosmos_correction_flag_scheme
PRECIP_TIPPING_FLAG_DEF,QC_FLAG,cosmos_quality_control_flag_scheme
PRECIP_TIPPING_FLAG_DEF,INFILL_FLAG,cosmos_infill_flag_scheme
PRECIP_TIPPING_A_FLAG_DEF,CORE_FLAG,core_flag_scheme
PRECIP_TIPPING_A_FLAG_DEF,CORRS_FLAG,cosmos_correction_flag_scheme
PRECIP_TIPPING_A_FLAG_DEF,QC_FLAG,cosmos_quality_control_flag_scheme
PRECIP_TIPPING_A_FLAG_DEF,INFILL_FLAG,cosmos_infill_flag_scheme
PRECIP_TIPPING_B_FLAG_DEF,CORE_FLAG,core_flag_scheme
PRECIP_TIPPING_B_FLAG_DEF,CORRS_FLAG,cosmos_correction_flag_scheme
PRECIP_TIPPING_B_FLAG_DEF,QC_FLAG,cosmos_quality_control_flag_scheme
PRECIP_TIPPING_B_FLAG_DEF,INFILL_FLAG,cosmos_infill_flag_scheme
PROFILE_VWC15_FLAG_DEF,CORE_FLAG,core_flag_scheme
PROFILE_VWC15_FLAG_DEF,CORRS_FLAG,cosmos_correction_flag_scheme
PROFILE_VWC15_FLAG_DEF,QC_FLAG,cosmos_quality_control_flag_scheme
PROFILE_VWC15_FLAG_DEF,INFILL_FLAG,cosmos_infill_flag_scheme
PROFILE_VWC40_FLAG_DEF,CORE_FLAG,core_flag_scheme
PROFILE_VWC40_FLAG_DEF,CORRS_FLAG,cosmos_correction_flag_scheme
PROFILE_VWC40_FLAG_DEF,QC_FLAG,cosmos_quality_control_flag_scheme
PROFILE_VWC40_FLAG_DEF,INFILL_FLAG,cosmos_infill_flag_scheme
PROFILE_VWC65_FLAG_DEF,CORE_FLAG,core_flag_scheme
PROFILE_VWC65_FLAG_DEF,CORRS_FLAG,cosmos_correction_flag_scheme
PROFILE_VWC65_FLAG_DEF,QC_FLAG,cosmos_quality_control_flag_scheme
PROFILE_VWC65_FLAG_DEF,INFILL_FLAG,cosmos_infill_flag_scheme
Q_FLAG_DEF,CORE_FLAG,core_flag_scheme
Q_FLAG_DEF,CORRS_FLAG,cosmos_correction_flag_scheme
Q_FLAG_DEF,QC_FLAG,cosmos_quality_control_flag_scheme
Q_FLAG_DEF,INFILL_FLAG,cosmos_infill_flag_scheme
RH_FLAG_DEF,CORE_FLAG,core_flag_scheme
RH_FLAG_DEF,CORRS_FLAG,cosmos_correction_flag_scheme
RH_FLAG_DEF,QC_FLAG,cosmos_quality_control_flag_scheme
RH_FLAG_DEF,INFILL_FLAG,cosmos_infill_flag_scheme
RHO_A_MEAN_FLAG_DEF,CORE_FLAG,core_flag_scheme
RHO_A_MEAN_FLAG_DEF,CORRS_FLAG,cosmos_correction_flag_scheme
RHO_A_MEAN_FLAG_DEF,QC_FLAG,cosmos_quality_control_flag_scheme
RHO_A_MEAN_FLAG_DEF,INFILL_FLAG,cosmos_infill_flag_scheme
RN_FLAG_DEF,CORE_FLAG,core_flag_scheme
RN_FLAG_DEF,CORRS_FLAG,cosmos_correction_flag_scheme
RN_FLAG_DEF,QC_FLAG,cosmos_quality_control_flag_scheme
RN_FLAG_DEF,INFILL_FLAG,cosmos_infill_flag_scheme
SIGMA_SWE_CRNS_FLAG_DEF,CORE_FLAG,core_flag_scheme
SIGMA_SWE_CRNS_FLAG_DEF,CORRS_FLAG,cosmos_correction_flag_scheme
SIGMA_SWE_CRNS_FLAG_DEF,QC_FLAG,cosmos_quality_control_flag_scheme
SIGMA_SWE_CRNS_FLAG_DEF,INFILL_FLAG,cosmos_infill_flag_scheme
SIGMA_SWE_SNOWFOX_FLAG_DEF,CORE_FLAG,core_flag_scheme
SIGMA_SWE_SNOWFOX_FLAG_DEF,CORRS_FLAG,cosmos_correction_flag_scheme
SIGMA_SWE_SNOWFOX_FLAG_DEF,QC_FLAG,cosmos_quality_control_flag_scheme
SIGMA_SWE_SNOWFOX_FLAG_DEF,INFILL_FLAG,cosmos_infill_flag_scheme
SMI_FLAG_DEF,CORE_FLAG,core_flag_scheme
SMI_FLAG_DEF,CORRS_FLAG,cosmos_correction_flag_scheme
SMI_FLAG_DEF,QC_FLAG,cosmos_quality_control_flag_scheme
SMI_FLAG_DEF,INFILL_FLAG,cosmos_infill_flag_scheme
SNOW_FLAG_DEF,CORE_FLAG,core_flag_scheme
SNOW_FLAG_DEF,CORRS_FLAG,cosmos_correction_flag_scheme
SNOW_FLAG_DEF,QC_FLAG,cosmos_quality_control_flag_scheme
SNOW_FLAG_DEF,INFILL_FLAG,cosmos_infill_flag_scheme
SNOWD_DISTANCE_COR_FLAG_DEF,CORE_FLAG,core_flag_scheme
SNOWD_DISTANCE_COR_FLAG_DEF,CORRS_FLAG,cosmos_correction_flag_scheme
SNOWD_DISTANCE_COR_FLAG_DEF,QC_FLAG,cosmos_quality_control_flag_scheme
SNOWD_DISTANCE_COR_FLAG_DEF,INFILL_FLAG,cosmos_infill_flag_scheme
SNOWD_DISTANCE_UNC_FLAG_DEF,CORE_FLAG,core_flag_scheme
SNOWD_DISTANCE_UNC_FLAG_DEF,CORRS_FLAG,cosmos_correction_flag_scheme
SNOWD_DISTANCE_UNC_FLAG_DEF,QC_FLAG,cosmos_quality_control_flag_scheme
SNOWD_DISTANCE_UNC_FLAG_DEF,INFILL_FLAG,cosmos_infill_flag_scheme
STP_TSOIL10_FLAG_DEF,CORE_FLAG,core_flag_scheme
STP_TSOIL10_FLAG_DEF,CORRS_FLAG,cosmos_correction_flag_scheme
STP_TSOIL10_FLAG_DEF,QC_FLAG,cosmos_quality_control_flag_scheme
STP_TSOIL10_FLAG_DEF,INFILL_FLAG,cosmos_infill_flag_scheme
STP_TSOIL2_FLAG_DEF,CORE_FLAG,core_flag_scheme
STP_TSOIL2_FLAG_DEF,CORRS_FLAG,cosmos_correction_flag_scheme
STP_TSOIL2_FLAG_DEF,QC_FLAG,cosmos_quality_control_flag_scheme
STP_TSOIL2_FLAG_DEF,INFILL_FLAG,cosmos_infill_flag_scheme
STP_TSOIL20_FLAG_DEF,CORE_FLAG,core_flag_scheme
STP_TSOIL20_FLAG_DEF,CORRS_FLAG,cosmos_correction_flag_scheme
STP_TSOIL20_FLAG_DEF,QC_FLAG,cosmos_quality_control_flag_scheme
STP_TSOIL20_FLAG_DEF,INFILL_FLAG,cosmos_infill_flag_scheme
STP_TSOIL5_FLAG_DEF,CORE_FLAG,core_flag_scheme
STP_TSOIL5_FLAG_DEF,CORRS_FLAG,cosmos_correction_flag_scheme
STP_TSOIL5_FLAG_DEF,QC_FLAG,cosmos_quality_control_flag_scheme
STP_TSOIL5_FLAG_DEF,INFILL_FLAG,cosmos_infill_flag_scheme
STP_TSOIL50_FLAG_DEF,CORE_FLAG,core_flag_scheme
STP_TSOIL50_FLAG_DEF,CORRS_FLAG,cosmos_correction_flag_scheme
STP_TSOIL50_FLAG_DEF,QC_FLAG,cosmos_quality_control_flag_scheme
STP_TSOIL50_FLAG_DEF,INFILL_FLAG,cosmos_infill_flag_scheme
SWE_CRNS_FLAG_DEF,CORE_FLAG,core_flag_scheme
SWE_CRNS_FLAG_DEF,CORRS_FLAG,cosmos_correction_flag_scheme
SWE_CRNS_FLAG_DEF,QC_FLAG,cosmos_quality_control_flag_scheme
SWE_CRNS_FLAG_DEF,INFILL_FLAG,cosmos_infill_flag_scheme
SWE_SNOWFOX_FLAG_DEF,CORE_FLAG,core_flag_scheme
SWE_SNOWFOX_FLAG_DEF,CORRS_FLAG,cosmos_correction_flag_scheme
SWE_SNOWFOX_FLAG_DEF,QC_FLAG,cosmos_quality_control_flag_scheme
SWE_SNOWFOX_FLAG_DEF,INFILL_FLAG,cosmos_infill_flag_scheme
SWIN_FLAG_DEF,CORE_FLAG,core_flag_scheme
SWIN_FLAG_DEF,CORRS_FLAG,cosmos_correction_flag_scheme
SWIN_FLAG_DEF,QC_FLAG,cosmos_quality_control_flag_scheme
SWIN_FLAG_DEF,INFILL_FLAG,cosmos_infill_flag_scheme
SWOUT_FLAG_DEF,CORE_FLAG,core_flag_scheme
SWOUT_FLAG_DEF,CORRS_FLAG,cosmos_correction_flag_scheme
SWOUT_FLAG_DEF,QC_FLAG,cosmos_quality_control_flag_scheme
SWOUT_FLAG_DEF,INFILL_FLAG,cosmos_infill_flag_scheme
TA_FLAG_DEF,CORE_FLAG,core_flag_scheme
TA_FLAG_DEF,CORRS_FLAG,cosmos_correction_flag_scheme
TA_FLAG_DEF,QC_FLAG,cosmos_quality_control_flag_scheme
TA_FLAG_DEF,INFILL_FLAG,cosmos_infill_flag_scheme
TA_MAX_FLAG_DEF,CORE_FLAG,core_flag_scheme
TA_MAX_FLAG_DEF,CORRS_FLAG,cosmos_correction_flag_scheme
TA_MAX_FLAG_DEF,QC_FLAG,cosmos_quality_control_flag_scheme
TA_MAX_FLAG_DEF,INFILL_FLAG,cosmos_infill_flag_scheme
TA_MIN_FLAG_DEF,CORE_FLAG,core_flag_scheme
TA_MIN_FLAG_DEF,CORRS_FLAG,cosmos_correction_flag_scheme
TA_MIN_FLAG_DEF,QC_FLAG,cosmos_quality_control_flag_scheme
TA_MIN_FLAG_DEF,INFILL_FLAG,cosmos_infill_flag_scheme
TAU_FLAG_DEF,CORE_FLAG,core_flag_scheme
TAU_FLAG_DEF,CORRS_FLAG,cosmos_correction_flag_scheme
TAU_FLAG_DEF,QC_FLAG,cosmos_quality_control_flag_scheme
TAU_FLAG_DEF,INFILL_FLAG,cosmos_infill_flag_scheme
TDT1_SOILEC_FLAG_DEF,CORE_FLAG,core_flag_scheme
TDT1_SOILEC_FLAG_DEF,CORRS_FLAG,cosmos_correction_flag_scheme
TDT1_SOILEC_FLAG_DEF,QC_FLAG,cosmos_quality_control_flag_scheme
TDT1_SOILEC_FLAG_DEF,INFILL_FLAG,cosmos_infill_flag_scheme
TDT1_SOILPERM_FLAG_DEF,CORE_FLAG,core_flag_scheme
TDT1_SOILPERM_FLAG_DEF,CORRS_FLAG,cosmos_correction_flag_scheme
TDT1_SOILPERM_FLAG_DEF,QC_FLAG,cosmos_quality_control_flag_scheme
TDT1_SOILPERM_FLAG_DEF,INFILL_FLAG,cosmos_infill_flag_scheme
TDT1_TSOIL_FLAG_DEF,CORE_FLAG,core_flag_scheme
TDT1_TSOIL_FLAG_DEF,CORRS_FLAG,cosmos_correction_flag_scheme
TDT1_TSOIL_FLAG_DEF,QC_FLAG,cosmos_quality_control_flag_scheme
TDT1_TSOIL_FLAG_DEF,INFILL_FLAG,cosmos_infill_flag_scheme
TDT1_VWC_FLAG_DEF,CORE_FLAG,core_flag_scheme
TDT1_VWC_FLAG_DEF,CORRS_FLAG,cosmos_correction_flag_scheme
TDT1_VWC_FLAG_DEF,QC_FLAG,cosmos_quality_control_flag_scheme
TDT1_VWC_FLAG_DEF,INFILL_FLAG,cosmos_infill_flag_scheme
TDT10_SOILEC_FLAG_DEF,CORE_FLAG,core_flag_scheme
TDT10_SOILEC_FLAG_DEF,CORRS_FLAG,cosmos_correction_flag_scheme
TDT10_SOILEC_FLAG_DEF,QC_FLAG,cosmos_quality_control_flag_scheme
TDT10_SOILEC_FLAG_DEF,INFILL_FLAG,cosmos_infill_flag_scheme
TDT10_SOILPERM_FLAG_DEF,CORE_FLAG,core_flag_scheme
TDT10_SOILPERM_FLAG_DEF,CORRS_FLAG,cosmos_correction_flag_scheme
TDT10_SOILPERM_FLAG_DEF,QC_FLAG,cosmos_quality_control_flag_scheme
TDT10_SOILPERM_FLAG_DEF,INFILL_FLAG,cosmos_infill_flag_scheme
TDT10_TSOIL_FLAG_DEF,CORE_FLAG,core_flag_scheme
TDT10_TSOIL_FLAG_DEF,CORRS_FLAG,cosmos_correction_flag_scheme
TDT10_TSOIL_FLAG_DEF,QC_FLAG,cosmos_quality_control_flag_scheme
TDT10_TSOIL_FLAG_DEF,INFILL_FLAG,cosmos_infill_flag_scheme
TDT10_VWC_FLAG_DEF,CORE_FLAG,core_flag_scheme
TDT10_VWC_FLAG_DEF,CORRS_FLAG,cosmos_correction_flag_scheme
TDT10_VWC_FLAG_DEF,QC_FLAG,cosmos_quality_control_flag_scheme
TDT10_VWC_FLAG_DEF,INFILL_FLAG,cosmos_infill_flag_scheme
TDT2_SOILEC_FLAG_DEF,CORE_FLAG,core_flag_scheme
TDT2_SOILEC_FLAG_DEF,CORRS_FLAG,cosmos_correction_flag_scheme
TDT2_SOILEC_FLAG_DEF,QC_FLAG,cosmos_quality_control_flag_scheme
TDT2_SOILEC_FLAG_DEF,INFILL_FLAG,cosmos_infill_flag_scheme
TDT2_SOILPERM_FLAG_DEF,CORE_FLAG,core_flag_scheme
TDT2_SOILPERM_FLAG_DEF,CORRS_FLAG,cosmos_correction_flag_scheme
TDT2_SOILPERM_FLAG_DEF,QC_FLAG,cosmos_quality_control_flag_scheme
TDT2_SOILPERM_FLAG_DEF,INFILL_FLAG,cosmos_infill_flag_scheme
TDT2_TSOIL_FLAG_DEF,CORE_FLAG,core_flag_scheme
TDT2_TSOIL_FLAG_DEF,CORRS_FLAG,cosmos_correction_flag_scheme
TDT2_TSOIL_FLAG_DEF,QC_FLAG,cosmos_quality_control_flag_scheme
TDT2_TSOIL_FLAG_DEF,INFILL_FLAG,cosmos_infill_flag_scheme
TDT2_VWC_FLAG_DEF,CORE_FLAG,core_flag_scheme
TDT2_VWC_FLAG_DEF,CORRS_FLAG,cosmos_correction_flag_scheme
TDT2_VWC_FLAG_DEF,QC_FLAG,cosmos_quality_control_flag_scheme
TDT2_VWC_FLAG_DEF,INFILL_FLAG,cosmos_infill_flag_scheme
TDT3_SOILEC_FLAG_DEF,CORE_FLAG,core_flag_scheme
TDT3_SOILEC_FLAG_DEF,CORRS_FLAG,cosmos_correction_flag_scheme
TDT3_SOILEC_FLAG_DEF,QC_FLAG,cosmos_quality_control_flag_scheme
TDT3_SOILEC_FLAG_DEF,INFILL_FLAG,cosmos_infill_flag_scheme
TDT3_SOILPERM_FLAG_DEF,CORE_FLAG,core_flag_scheme
TDT3_SOILPERM_FLAG_DEF,CORRS_FLAG,cosmos_correction_flag_scheme
TDT3_SOILPERM_FLAG_DEF,QC_FLAG,cosmos_quality_control_flag_scheme
TDT3_SOILPERM_FLAG_DEF,INFILL_FLAG,cosmos_infill_flag_scheme
TDT3_TSOIL_FLAG_DEF,CORE_FLAG,core_flag_scheme
TDT3_TSOIL_FLAG_DEF,CORRS_FLAG,cosmos_correction_flag_scheme
TDT3_TSOIL_FLAG_DEF,QC_FLAG,cosmos_quality_control_flag_scheme
TDT3_TSOIL_FLAG_DEF,INFILL_FLAG,cosmos_infill_flag_scheme
TDT3_VWC_FLAG_DEF,CORE_FLAG,core_flag_scheme
TDT3_VWC_FLAG_DEF,CORRS_FLAG,cosmos_correction_flag_scheme
TDT3_VWC_FLAG_DEF,QC_FLAG,cosmos_quality_control_flag_scheme
TDT3_VWC_FLAG_DEF,INFILL_FLAG,cosmos_infill_flag_scheme
TDT4_SOILEC_FLAG_DEF,CORE_FLAG,core_flag_scheme
TDT4_SOILEC_FLAG_DEF,CORRS_FLAG,cosmos_correction_flag_scheme
TDT4_SOILEC_FLAG_DEF,QC_FLAG,cosmos_quality_control_flag_scheme
TDT4_SOILEC_FLAG_DEF,INFILL_FLAG,cosmos_infill_flag_scheme
TDT4_SOILPERM_FLAG_DEF,CORE_FLAG,core_flag_scheme
TDT4_SOILPERM_FLAG_DEF,CORRS_FLAG,cosmos_correction_flag_scheme
TDT4_SOILPERM_FLAG_DEF,QC_FLAG,cosmos_quality_control_flag_scheme
TDT4_SOILPERM_FLAG_DEF,INFILL_FLAG,cosmos_infill_flag_scheme
TDT4_TSOIL_FLAG_DEF,CORE_FLAG,core_flag_scheme
TDT4_TSOIL_FLAG_DEF,CORRS_FLAG,cosmos_correction_flag_scheme
TDT4_TSOIL_FLAG_DEF,QC_FLAG,cosmos_quality_control_flag_scheme
TDT4_TSOIL_FLAG_DEF,INFILL_FLAG,cosmos_infill_flag_scheme
TDT4_VWC_FLAG_DEF,CORE_FLAG,core_flag_scheme
TDT4_VWC_FLAG_DEF,CORRS_FLAG,cosmos_correction_flag_scheme
TDT4_VWC_FLAG_DEF,QC_FLAG,cosmos_quality_control_flag_scheme
TDT4_VWC_FLAG_DEF,INFILL_FLAG,cosmos_infill_flag_scheme
TDT5_SOILEC_FLAG_DEF,CORE_FLAG,core_flag_scheme
TDT5_SOILEC_FLAG_DEF,CORRS_FLAG,cosmos_correction_flag_scheme
TDT5_SOILEC_FLAG_DEF,QC_FLAG,cosmos_quality_control_flag_scheme
TDT5_SOILEC_FLAG_DEF,INFILL_FLAG,cosmos_infill_flag_scheme
TDT5_SOILPERM_FLAG_DEF,CORE_FLAG,core_flag_scheme
TDT5_SOILPERM_FLAG_DEF,CORRS_FLAG,cosmos_correction_flag_scheme
TDT5_SOILPERM_FLAG_DEF,QC_FLAG,cosmos_quality_control_flag_scheme
TDT5_SOILPERM_FLAG_DEF,INFILL_FLAG,cosmos_infill_flag_scheme
TDT5_TSOIL_FLAG_DEF,CORE_FLAG,core_flag_scheme
TDT5_TSOIL_FLAG_DEF,CORRS_FLAG,cosmos_correction_flag_scheme
TDT5_TSOIL_FLAG_DEF,QC_FLAG,cosmos_quality_control_flag_scheme
TDT5_TSOIL_FLAG_DEF,INFILL_FLAG,cosmos_infill_flag_scheme
TDT5_VWC_FLAG_DEF,CORE_FLAG,core_flag_scheme
TDT5_VWC_FLAG_DEF,CORRS_FLAG,cosmos_correction_flag_scheme
TDT5_VWC_FLAG_DEF,QC_FLAG,cosmos_quality_control_flag_scheme
TDT5_VWC_FLAG_DEF,INFILL_FLAG,cosmos_infill_flag_scheme
TDT6_SOILEC_FLAG_DEF,CORE_FLAG,core_flag_scheme
TDT6_SOILEC_FLAG_DEF,CORRS_FLAG,cosmos_correction_flag_scheme
TDT6_SOILEC_FLAG_DEF,QC_FLAG,cosmos_quality_control_flag_scheme
TDT6_SOILEC_FLAG_DEF,INFILL_FLAG,cosmos_infill_flag_scheme
TDT6_SOILPERM_FLAG_DEF,CORE_FLAG,core_flag_scheme
TDT6_SOILPERM_FLAG_DEF,CORRS_FLAG,cosmos_correction_flag_scheme
TDT6_SOILPERM_FLAG_DEF,QC_FLAG,cosmos_quality_control_flag_scheme
TDT6_SOILPERM_FLAG_DEF,INFILL_FLAG,cosmos_infill_flag_scheme
TDT6_TSOIL_FLAG_DEF,CORE_FLAG,core_flag_scheme
TDT6_TSOIL_FLAG_DEF,CORRS_FLAG,cosmos_correction_flag_scheme
TDT6_TSOIL_FLAG_DEF,QC_FLAG,cosmos_quality_control_flag_scheme
TDT6_TSOIL_FLAG_DEF,INFILL_FLAG,cosmos_infill_flag_scheme
TDT6_VWC_FLAG_DEF,CORE_FLAG,core_flag_scheme
TDT6_VWC_FLAG_DEF,CORRS_FLAG,cosmos_correction_flag_scheme
TDT6_VWC_FLAG_DEF,QC_FLAG,cosmos_quality_control_flag_scheme
TDT6_VWC_FLAG_DEF,INFILL_FLAG,cosmos_infill_flag_scheme
TDT7_SOILEC_FLAG_DEF,CORE_FLAG,core_flag_scheme
TDT7_SOILEC_FLAG_DEF,CORRS_FLAG,cosmos_correction_flag_scheme
TDT7_SOILEC_FLAG_DEF,QC_FLAG,cosmos_quality_control_flag_scheme
TDT7_SOILEC_FLAG_DEF,INFILL_FLAG,cosmos_infill_flag_scheme
TDT7_SOILPERM_FLAG_DEF,CORE_FLAG,core_flag_scheme
TDT7_SOILPERM_FLAG_DEF,CORRS_FLAG,cosmos_correction_flag_scheme
TDT7_SOILPERM_FLAG_DEF,QC_FLAG,cosmos_quality_control_flag_scheme
TDT7_SOILPERM_FLAG_DEF,INFILL_FLAG,cosmos_infill_flag_scheme
TDT7_TSOIL_FLAG_DEF,CORE_FLAG,core_flag_scheme
TDT7_TSOIL_FLAG_DEF,CORRS_FLAG,cosmos_correction_flag_scheme
TDT7_TSOIL_FLAG_DEF,QC_FLAG,cosmos_quality_control_flag_scheme
TDT7_TSOIL_FLAG_DEF,INFILL_FLAG,cosmos_infill_flag_scheme
TDT7_VWC_FLAG_DEF,CORE_FLAG,core_flag_scheme
TDT7_VWC_FLAG_DEF,CORRS_FLAG,cosmos_correction_flag_scheme
TDT7_VWC_FLAG_DEF,QC_FLAG,cosmos_quality_control_flag_scheme
TDT7_VWC_FLAG_DEF,INFILL_FLAG,cosmos_infill_flag_scheme
TDT8_SOILEC_FLAG_DEF,CORE_FLAG,core_flag_scheme
TDT8_SOILEC_FLAG_DEF,CORRS_FLAG,cosmos_correction_flag_scheme
TDT8_SOILEC_FLAG_DEF,QC_FLAG,cosmos_quality_control_flag_scheme
TDT8_SOILEC_FLAG_DEF,INFILL_FLAG,cosmos_infill_flag_scheme
TDT8_SOILPERM_FLAG_DEF,CORE_FLAG,core_flag_scheme
TDT8_SOILPERM_FLAG_DEF,CORRS_FLAG,cosmos_correction_flag_scheme
TDT8_SOILPERM_FLAG_DEF,QC_FLAG,cosmos_quality_control_flag_scheme
TDT8_SOILPERM_FLAG_DEF,INFILL_FLAG,cosmos_infill_flag_scheme
TDT8_TSOIL_FLAG_DEF,CORE_FLAG,core_flag_scheme
TDT8_TSOIL_FLAG_DEF,CORRS_FLAG,cosmos_correction_flag_scheme
TDT8_TSOIL_FLAG_DEF,QC_FLAG,cosmos_quality_control_flag_scheme
TDT8_TSOIL_FLAG_DEF,INFILL_FLAG,cosmos_infill_flag_scheme
TDT8_VWC_FLAG_DEF,CORE_FLAG,core_flag_scheme
TDT8_VWC_FLAG_DEF,CORRS_FLAG,cosmos_correction_flag_scheme
TDT8_VWC_FLAG_DEF,QC_FLAG,cosmos_quality_control_flag_scheme
TDT8_VWC_FLAG_DEF,INFILL_FLAG,cosmos_infill_flag_scheme
TDT9_SOILEC_FLAG_DEF,CORE_FLAG,core_flag_scheme
TDT9_SOILEC_FLAG_DEF,CORRS_FLAG,cosmos_correction_flag_scheme
TDT9_SOILEC_FLAG_DEF,QC_FLAG,cosmos_quality_control_flag_scheme
TDT9_SOILEC_FLAG_DEF,INFILL_FLAG,cosmos_infill_flag_scheme
TDT9_SOILPERM_FLAG_DEF,CORE_FLAG,core_flag_scheme
TDT9_SOILPERM_FLAG_DEF,CORRS_FLAG,cosmos_correction_flag_scheme
TDT9_SOILPERM_FLAG_DEF,QC_FLAG,cosmos_quality_control_flag_scheme
TDT9_SOILPERM_FLAG_DEF,INFILL_FLAG,cosmos_infill_flag_scheme
TDT9_TSOIL_FLAG_DEF,CORE_FLAG,core_flag_scheme
TDT9_TSOIL_FLAG_DEF,CORRS_FLAG,cosmos_correction_flag_scheme
TDT9_TSOIL_FLAG_DEF,QC_FLAG,cosmos_quality_control_flag_scheme
TDT9_TSOIL_FLAG_DEF,INFILL_FLAG,cosmos_infill_flag_scheme
TDT9_VWC_FLAG_DEF,CORE_FLAG,core_flag_scheme
TDT9_VWC_FLAG_DEF,CORRS_FLAG,cosmos_correction_flag_scheme
TDT9_VWC_FLAG_DEF,QC_FLAG,cosmos_quality_control_flag_scheme
TDT9_VWC_FLAG_DEF,INFILL_FLAG,cosmos_infill_flag_scheme
TNR01C_FLAG_DEF,CORE_FLAG,core_flag_scheme
TNR01C_FLAG_DEF,CORRS_FLAG,cosmos_correction_flag_scheme
TNR01C_FLAG_DEF,QC_FLAG,cosmos_quality_control_flag_scheme
TNR01C_FLAG_DEF,INFILL_FLAG,cosmos_infill_flag_scheme
TS_FLAG_DEF,CORE_FLAG,core_flag_scheme
TS_FLAG_DEF,CORRS_FLAG,cosmos_correction_flag_scheme
TS_FLAG_DEF,QC_FLAG,cosmos_quality_control_flag_scheme
TS_FLAG_DEF,INFILL_FLAG,cosmos_infill_flag_scheme
U_STAR_FLAG_DEF,CORE_FLAG,core_flag_scheme
U_STAR_FLAG_DEF,CORRS_FLAG,cosmos_correction_flag_scheme
U_STAR_FLAG_DEF,QC_FLAG,cosmos_quality_control_flag_scheme
U_STAR_FLAG_DEF,INFILL_FLAG,cosmos_infill_flag_scheme
UX_FLAG_DEF,CORE_FLAG,core_flag_scheme
UX_FLAG_DEF,CORRS_FLAG,cosmos_correction_flag_scheme
UX_FLAG_DEF,QC_FLAG,cosmos_quality_control_flag_scheme
UX_FLAG_DEF,INFILL_FLAG,cosmos_infill_flag_scheme
UY_FLAG_DEF,CORE_FLAG,core_flag_scheme
UY_FLAG_DEF,CORRS_FLAG,cosmos_correction_flag_scheme
UY_FLAG_DEF,QC_FLAG,cosmos_quality_control_flag_scheme
UY_FLAG_DEF,INFILL_FLAG,cosmos_infill_flag_scheme
UZ_FLAG_DEF,CORE_FLAG,core_flag_scheme
UZ_FLAG_DEF,CORRS_FLAG,cosmos_correction_flag_scheme
UZ_FLAG_DEF,QC_FLAG,cosmos_quality_control_flag_scheme
UZ_FLAG_DEF,INFILL_FLAG,cosmos_infill_flag_scheme
WD_FLAG_DEF,CORE_FLAG,core_flag_scheme
WD_FLAG_DEF,CORRS_FLAG,cosmos_correction_flag_scheme
WD_FLAG_DEF,QC_FLAG,cosmos_quality_control_flag_scheme
WD_FLAG_DEF,INFILL_FLAG,cosmos_infill_flag_scheme
WS_FLAG_DEF,CORE_FLAG,core_flag_scheme
WS_FLAG_DEF,CORRS_FLAG,cosmos_correction_flag_scheme
WS_FLAG_DEF,QC_FLAG,cosmos_quality_control_flag_scheme
WS_FLAG_DEF,INFILL_FLAG,cosmos_infill_flag_scheme
WS_RES_FLAG_DEF,CORE_FLAG,core_flag_scheme
WS_RES_FLAG_DEF,CORRS_FLAG,cosmos_correction_flag_scheme
WS_RES_FLAG_DEF,QC_FLAG,cosmos_quality_control_flag_scheme
WS_RES_FLAG_DEF,INFILL_FLAG,cosmos_infill_flag_scheme
