Network,Catchment,Site_name,SiteAreaID,SiteID,Site_type,Latitude,Longitude,Operational_start_date,Date_decomissioned,Standard_installation,Description,Land_management,IsPrivate
FDRI,Severn,Carreg Wen,SE-CARWE-01,SE-CARWE-01,WS,52.48277697,-3.726718138,25-06-2025 00:00:00,,1,Weather station operated by UKCEH at Carreg Wen in the Chess river catchment. This station is continuing a series of measurements that have been made at this site since the 1970s. Weather station measurements include: air temperature, relative humidity, barometric pressure, components of net radiation, wind speed and direction, precipitation, dew point temperature, and albedo.,Bog,
FDRI,Severn,Hafren Forest - Severn Trap,SE-SVTRP-01,SE-HAFRF-07,WL,52.47060072,-3.69043706,19-05-2025 17:00:00,,0,Water level station operated by UKCEH at Severn Trapezoidal flume in the Upper Severn river catchment. This station is continuing a series of measurements that have been made at this site since the 1970s. Water level station measurements include: river water level and water temperature.,Neutral grassland,
FDRI,Severn,Foel Fadian,SE-FOFAD-01,SE-FOFAD-01-PR,PR,52.54511083,-3.720864236,03-12-2025 15:30:00,,1,Precipitation station operated by UKCEH at Foel Fadian in the Upper Severn river catchment. Precipitation data measurements include: precipitation (both standard height gauge and ground level gauge), precipitation intensity, air temperature, relative humidity, wind speed and direction, soil moisture, soil temperature, soil physics, snow water equivalent, dew point temperature, and cosmic rays.,Bog,
FDRI,Chess,Bury Pond Eastern Outlet,CH-BURYP-01,CH-BURYP-01-WL,WL,51.70322,-0.61789,11-06-2026 00:00:00,,1,Rain gauge station operated by UKCEH at Chorleywood PS in the Chess river catchment. Rain gauge data measurements include: precipitation and precipitation intensity.,Freshwater,
FDRI,Chess,Chorleywood PS,CH-CHOPS-01,CH-CHOPS-01-RG,RG,51.66831,-0.5023,02-04-2026 00:00:00,,1,Water level station operated by UKCEH at Bury Pond Eastern Outlet in the Chess river catchment. Water level station measurements include: river water level and water temperature.,Improved grassland,
FDRI,Chess,Hiawassee Galvladi at Tring Grange,CH-TRIGR-01,CH-TRIGR-01,RS,51.75696,-0.64453,08-05-2026 00:00:00,,1,Recharge station operated by UKCEH at Hiawassee Galvladi in the Chess river catchment. Recharge station measurements include: air temperature, relative humidity, barometric pressure, components of net radiation, photosynthetically active radiation, NDVI, soil heat flux, soil moisture, soil temperature, soil physics, wind speed and direction, precipitation, precipitation intensity, canopy temperature, albedo, snow water equivalent, dew point temperature, and surface-atmosphere exchanges of carbon, water, and energy.,,
FDRI,Chess,Hiawassee Galvladi Flux at Tring Grange,CH-TRIGR-01,CH_TRIGR_EC,EC,51.75696,-0.64453,08-05-2026 00:00:00,,1,Recharge station eddy covariance operated by UKCEH at Hiawassee Galvladi in the Chess river catchment. Recharge station measurements include: air temperature, relative humidity, barometric pressure, components of net radiation, photosynthetically active radiation, NDVI, soil heat flux, soil moisture, soil temperature, soil physics, wind speed and direction, precipitation, precipitation intensity, canopy temperature, albedo, snow water equivalent, dew point temperature, and surface-atmosphere exchanges of carbon, water, and energy.,,
FDRI,Chess,Lowndes Park,CH-LOWPA-01,CH-LOWPA-01-BH,BH,51.7052420053333,-0.6151,19-06-2026 00:00:00,,1,Borehole water level station operated by UKCEH at Lowndes Park in the Chess river catchment. This station is continuing a series of monitoring undertaken by Affinity Water at this site since 2015. Borehole station measurements include: water depth and water temperature.,,
FDRI,Chess,Kaden Plastics,CH-KADEN-01,CH-KADEN-01-BH,BH,51.71226,-0.61499,19-06-2026 00:00:00,,1,Borehole water level station operated by UKCEH at Kaden Plastics in the Chess river catchment. This station is continuing a series of monitoring undertaken by Affinity Water at this site since 2015. Borehole station measurements include: water depth and water temperature.,,
