TIMESERIES_DEF,TIMESERIES_NAME,PARAMETER_ID,PROCESS_LEVEL,RESOLUTION,PERIODICITY,UNIT_ID,STATISTIC_ID,NETWORK_ID
ALBEDO_1MIN_RAW,Albedo value,ALBEDO,RAW,PT1M,PT1M,UNITLESS,INST,FDRI
BATTSOC_1MIN_RAW,Battery state of charge,SOC_BATT,RAW,PT1M,PT1M,PCT,INST,FDRI
BATTV_1MIN_RAW,Datalogger battery voltage,VOLTAGE_BATT,RAW,PT1M,PT1M,V,INST,FDRI
DEWPOINT_1MIN_RAW,Dew Point temperature,DEW_POINT,RAW,PT1M,PT1M,DEGC,INST,FDRI
DISCHARGE_1MIN_RAW,Water discharge,DISCHARGE,RAW,PT1M,PT1M,M3S-1,INST,FDRI
DIST_TO_WATER_RADAR_1MIN_RAW,Distance to water (radar),WATER_LEVEL,RAW,PT1M,PT1M,M,INST,FDRI
DLOSS_1MIN_RAW,Soil dielectric loss tangent,DLOSS,RAW,PT1M,PT1M,UNITLESS,INST,FDRI
HAIL_1MIN_RAW,Hail amount,PRECIPITATION,RAW,PT1M,PT1M,MM,INST,FDRI
HAIL_INT_1MIN_RAW,Hail intensity,PRECIPITATION_INTEN,RAW,PT1M,PT1M,MM,INST,FDRI
IMAG_DIEL_1MIN_RAW,Soil imaginary dielectric permittivity,IMAG_DIEL_PERM,RAW,PT1M,PT1M,UNITLESS,INST,FDRI
LOGGER_TEMP_1MIN_RAW,Temperature at the logger,TEMP_LOGGER,RAW,PT1M,PT1M,DEGC,INST,FDRI
LWIN_1MIN_RAW,Longwave radiation incoming,LWIN,RAW,PT1M,PT1M,WM-2,INST,FDRI
LWOUT_1MIN_RAW,Longwave radiation outgoing,LWOUT,RAW,PT1M,PT1M,WM-2,INST,FDRI
PA_1MIN_RAW,Atmospheric pressure,PA,RAW,PT1M,PT1M,HPA,INST,FDRI
PRECIP_INT_1MIN_RAW,Precipitation intensity,PRECIPITATION_INTEN,RAW,PT1M,PT1M,MM,TOTAL_PREC,FDRI
PRECIP_TOT_1MIN_RAW,Total precipitation amount,PRECIPITATION,RAW,PT1M,PT1M,MM,TOTAL_PREC,FDRI
PWEC_1MIN_RAW,Soil pore water EC,COND,RAW,PT1M,PT1M,SM-1,INST,FDRI
RAINE_INT_1MIN_RAW,Precipitation intensity,PRECIPITATION_INTEN,RAW,PT1M,PT1M,MM,TOTAL_PREC,FDRI
RAINE_INT_HR_1MIN_RAW,Precipitation intensity in mm/h,PRECIPITATION_INTEN,RAW,PT1M,PT1M,MM,TOTAL_PREC,FDRI
RAINE_INT_LR_1MIN_RAW,Precipitation intensity since last request,PRECIPITATION_INTEN,RAW,PT1M,PT1M,MM,TOTAL_PREC,FDRI
RAINE_INT_LR_HR_1MIN_RAW,Precipitation intensity since last request in mm/h,PRECIPITATION_INTEN,RAW,PT1M,PT1M,MM,TOTAL_PREC,FDRI
RAINE_PRECIP_1MIN_RAW,Rain precipitation since last request,PRECIPITATION,RAW,PT1M,PT1M,MM,TOTAL_PREC,FDRI
RAINE_PRECIP_TOT_1MIN_RAW,Precipitation total amount,PRECIPITATION,RAW,PT1M,PT1M,MM,TOTAL_PREC,FDRI
REAL_DIEL_1MIN_RAW,Soil real dielectric permittivity,REAL_DIEL_PERM,RAW,PT1M,PT1M,UNITLESS,INST,FDRI
RH_1MIN_RAW,Relative humidity,RH,RAW,PT1M,PT1M,PCT,INST,FDRI
RN_1MIN_RAW,Total Net Radiation,RN,RAW,PT1M,PT1M,WM-2,MEAN_PREC,FDRI
SOILEC_1MIN_RAW,Soil electrical conductivity,COND,RAW,PT1M,PT1M,DSM-1,INST,FDRI
SOILEC_CORR_1MIN_RAW,Soil electrical conductivity corrected,COND,RAW,PT1M,PT1M,DSM-1,INST,FDRI
SWIN_1MIN_RAW,Shortwave radiation incoming,SWIN,RAW,PT1M,PT1M,WM-2,INST,FDRI
SWOUT_1MIN_RAW,Shortwave radiation outgoing,SWOUT,RAW,PT1M,PT1M,WM-2,INST,FDRI
TA_1MIN_RAW,Air temperature,TEMP_AIR,RAW,PT1M,PT1M,DEGC,INST,FDRI
TDR_PERM_1MIN_RAW,Soil relative permittivity,PERM,RAW,PT1M,PT1M,UNITLESS,INST,FDRI
TDR_PWEC_1MIN_RAW,Soil pore water EC,COND,RAW,PT1M,PT1M,SM-1,INST,FDRI
TDR_SOILEC_1MIN_RAW,Soil electrical conductivity,COND,RAW,PT1M,PT1M,SM-1,INST,FDRI
TDR_TSOIL_1MIN_RAW,Soil temperature,TEMP_SOIL,RAW,PT1M,PT1M,DEGC,INST,FDRI
TDR_VWC_1MIN_RAW,Soil moisture content,VWC_SOIL,RAW,PT1M,PT1M,PCT,INST,FDRI
TS100_FAN_RPM_1MIN_RAW,TS100 fan speed RPM,REVOLUTIONS,RAW,PT1M,PT1M,RPM,TOTAL_PREC,FDRI
TSOIL_1MIN_RAW,Soil temperature,TEMP_SOIL,RAW,PT1M,PT1M,DEGC,INST,FDRI
TSOIL_F_1MIN_RAW,Soil temperature Fahrenheit,TEMP_SOIL,RAW,PT1M,PT1M,DEGF,INST,FDRI
VWC_1MIN_RAW,Soil moisture content,VWC_SOIL,RAW,PT1M,PT1M,PCT,INST,FDRI
WATER_LEV_1MIN_RAW,Water Level,WATER_LEVEL,RAW,PT1M,PT1M,CM,INST,FDRI
WATER_LEV_PT_1MIN_RAW,Water level (pressure transducer),WATER_LEVEL,RAW,PT1M,PT1M,M,INST,FDRI
WATER_LEV_RADAR_1MIN_RAW,Water level (radar),WATER_LEVEL,RAW,PT1M,PT1M,M,INST,FDRI
WATER_LEV_SNR_1MIN_RAW,Water level signal-to-noise ratio,SIGNAL_TO_NOISE_RATIO,RAW,PT1M,PT1M,UNITLESS,INST,FDRI
WATER_POT_1MIN_RAW,Soil water potential,SOIL_WATER_POT,RAW,PT1M,PT1M,KPA,INST,FDRI
WATER_TEMP_1MIN_RAW,Water temperature,WATER_TEMP,RAW,PT1M,PT1M,DEGC,INST,FDRI
WATER_VEL_1MIN_RAW,Water velocity,WATER_VELOCITY,RAW,PT1M,PT1M,MS-1,INST,FDRI
WATER_VEL_SNR_1MIN_RAW,Water velocity signal-to-noise ratio,SIGNAL_TO_NOISE_RATIO,RAW,PT1M,PT1M,UNITLESS,INST,FDRI
WD_1MIN_RAW,Wind direction,WD,RAW,PT1M,PT1M,DEG,INST,FDRI
RADAR_TEMP_1MIN_RAW,Radar temperature,TEMP_RADAR,RAW,PT1M,PT1M,DEGC,INST,FDRI
WG_MAX_1MIN_RAW,Maximum wind gust speed,WG,RAW,PT1M,PT1M,MS-1,INST,FDRI
WS_1MIN_RAW,Wind speed,WS,RAW,PT1M,PT1M,MS-1,INST,FDRI
TA_1MIN_PROCESSED,Air temperature,TEMP_AIR,PROCESSED,PT1M,PT1M,DEGC,INST,FDRI
